<?xml version="1.0" encoding="UTF-8"?><!-- This file was auto-generated from WSDL --><!-- by the Apache Axis2 version: 1.6.3  Built on : Jun 27, 2015 (11:17:49 BST) --><serviceGroup>
    <service name="ServicioPractica1">
        <messageReceivers>
            <messageReceiver mep="http://www.w3.org/ns/wsdl/in-out" class="org.example.www.serviciopractica1.ServicioPractica1MessageReceiverInOut"/>
        </messageReceivers>
        <parameter name="ServiceClass">org.example.www.serviciopractica1.ServicioPractica1Skeleton</parameter>
        <parameter name="useOriginalwsdl">true</parameter>
        <parameter name="modifyUserWSDLPortAddress">true</parameter>
        <operation name="ValidarNIF" mep="http://www.w3.org/ns/wsdl/in-out" namespace="http://www.example.org/ServicioPractica1/">
            <actionMapping>http://www.example.org/ServicioPractica1/ValidarNIF</actionMapping>
            <outputActionMapping>http://www.example.org/ServicioPractica1/ServicioPractica1/ValidarNIFResponse</outputActionMapping>
        </operation>
        <operation name="SolicitarPresupuesto" mep="http://www.w3.org/ns/wsdl/in-out" namespace="http://www.example.org/ServicioPractica1/">
            <actionMapping>http://www.example.org/ServicioPractica1/SolicitarPresupuesto</actionMapping>
            <outputActionMapping>http://www.example.org/ServicioPractica1/ServicioPractica1/SolicitarPresupuestoResponse</outputActionMapping>
        </operation>
        <operation name="GenerarPresupuesto" mep="http://www.w3.org/ns/wsdl/in-out" namespace="http://www.example.org/ServicioPractica1/">
            <actionMapping>http://www.example.org/ServicioPractica1/GenerarPresupuesto</actionMapping>
            <outputActionMapping>http://www.example.org/ServicioPractica1/ServicioPractica1/GenerarPresupuestoResponse</outputActionMapping>
        </operation>
        <operation name="ConsultaCodigoPostal" mep="http://www.w3.org/ns/wsdl/in-out" namespace="http://www.example.org/ServicioPractica1/">
            <actionMapping>http://www.example.org/ServicioPractica1/ConsultaCodigoPostal</actionMapping>
            <outputActionMapping>http://www.example.org/ServicioPractica1/ServicioPractica1/ConsultaCodigoPostalResponse</outputActionMapping>
        </operation>
        <operation name="ValidarIBAN" mep="http://www.w3.org/ns/wsdl/in-out" namespace="http://www.example.org/ServicioPractica1/">
            <actionMapping>http://www.example.org/ServicioPractica1/ValidarIBAN</actionMapping>
            <outputActionMapping>http://www.example.org/ServicioPractica1/ServicioPractica1/ValidarIBANResponse</outputActionMapping>
        </operation>
    </service>
</serviceGroup>
