<?xml version="1.0" encoding="UTF-8"?><!-- This file was auto-generated from WSDL --><!-- by the Apache Axis2 version: 1.6.3  Built on : Jun 27, 2015 (11:17:49 BST) --><serviceGroup>
    <service name="GestionProveedor3">
        <messageReceivers>
            <messageReceiver mep="http://www.w3.org/ns/wsdl/in-out" class="org.example.www.gestionproveedor3.GestionProveedor3MessageReceiverInOut"/>
        </messageReceivers>
        <parameter name="ServiceClass">org.example.www.gestionproveedor3.GestionProveedor3Skeleton</parameter>
        <parameter name="useOriginalwsdl">true</parameter>
        <parameter name="modifyUserWSDLPortAddress">true</parameter>
        <operation name="SolicitarPresupuesto" mep="http://www.w3.org/ns/wsdl/in-out" namespace="http://www.example.org/GestionProveedor3/">
            <actionMapping>http://www.example.org/GestionProveedor3/SolicitarPresupuesto</actionMapping>
            <outputActionMapping>http://www.example.org/GestionProveedor3/GestionProveedor3/SolicitarPresupuestoResponse</outputActionMapping>
        </operation>
        <operation name="OrdenarCompra" mep="http://www.w3.org/ns/wsdl/in-out" namespace="http://www.example.org/GestionProveedor3/">
            <actionMapping>http://www.example.org/GestionProveedor3/OrdenarCompra</actionMapping>
            <outputActionMapping>http://www.example.org/GestionProveedor3/GestionProveedor3/OrdenarCompraResponse</outputActionMapping>
        </operation>
    </service>
</serviceGroup>
