<?xml version="1.0" encoding="UTF-8"?><!-- This file was auto-generated from WSDL --><!-- by the Apache Axis2 version: 1.6.3  Built on : Jun 27, 2015 (11:17:49 BST) --><serviceGroup>
    <service name="HolaMundo">
        <messageReceivers>
            <messageReceiver mep="http://www.w3.org/ns/wsdl/in-out" class="org.example.www.holamundo.HolaMundoMessageReceiverInOut"/>
        </messageReceivers>
        <parameter name="ServiceClass">org.example.www.holamundo.HolaMundoSkeleton</parameter>
        <parameter name="useOriginalwsdl">true</parameter>
        <parameter name="modifyUserWSDLPortAddress">true</parameter>
        <operation name="NewOperation" mep="http://www.w3.org/ns/wsdl/in-out" namespace="http://www.example.org/HolaMundo/">
            <actionMapping>http://www.example.org/HolaMundo/NewOperation</actionMapping>
            <outputActionMapping>http://www.example.org/HolaMundo/HolaMundo/NewOperationResponse</outputActionMapping>
        </operation>
    </service>
</serviceGroup>
